Dataset,Feature_Method,N_Features,Model,Accuracy,Train_Time
CIC_IoT_DIAD_2024,FS_SHAP,30,GRU,0.8534781076982714,3665.9957885742188
CIC_IoT_DIAD_2024,FS_SHAP,30,ResNet1D,0.8668791231061254,4779.641691207886
CIC_IoT_DIAD_2024,FS_SHAP,30,FT_Transformer,0.8716527653898858,69314.28182196617
CIC_IoT_DIAD_2024,FS_mRMR,30,GRU,0.8534781076982714,10756.902441263199
CIC_IoT_DIAD_2024,FS_mRMR,30,ResNet1D,0.8668791231061254,4689.980786323547
CIC_IoT_DIAD_2024,FS_mRMR,30,FT_Transformer,0.8716527653898858,31281.58101582527
CIC_IoT_DIAD_2024,FS_PERM,30,GRU,0.8534781076982714,43607.043596982956
CIC_IoT_DIAD_2024,FS_PERM,30,ResNet1D,0.8668791231061254,7774.5523183345795
CIC_IoT_DIAD_2024,FS_PERM,30,FT_Transformer,0.8716527653898858,25664.10201191902
